id,legislation,question,datetime,description
1,QUORUM,Call of the House,31-Jan-2006,3:55 PM,
2,H RES 653,On Consideration of the Resolution,1-Feb-2006,2:36 PM,Relating to consideration of the bill (S. 1932) to provide for reconciliation pursuant to section 202 (a) of the concurrent resolution on the budget for fiscal year 2006 (H. Con. Res. 95)
3,H RES 648,On Motion to Suspend the Rules and Agree,1-Feb-2006,5:01 PM,To eliminate floor privileges and access to Member exercise facilities for registered lobbyists who are former Members or officers of the House
4,H RES 653,On Agreeing to the Resolution,1-Feb-2006,5:11 PM,Relating to consideration of the bill (S. 1932) to provide for reconciliation pursuant to section 202 (a) of the concurrent resolution on the budget for fiscal year 2006 (H. Con. Res. 95)
5,H RES 670,On Motion to Suspend the Rules and Agree,8-Feb-2006,6:53 PM,Congratulating the National Football League champion Pittsburgh Steelers for winning Super Bowl XL and completing one of the greatest postseason runs in professional sports history
6,H RES 657,On Motion to Suspend the Rules and Agree,8-Feb-2006,7:04 PM,Honoring the contributions of Catholic schools
7,H R 4297,On Motion to Instruct Conferees,8-Feb-2006,7:24 PM,Tax Relief Extension Reconciliation Act
8,H CON RES 322,"On Motion to Suspend the Rules and Agree, As Amended",14-Feb-2006,6:54 PM,Expressing the Sense of Congress regarding the contribution of the USO to the morale and welfare of our servicemen and women of our armed forces and their families
9,S 1989,On Motion to Suspend the Rules and Pass,14-Feb-2006,7:10 PM,"To designate the facility of the United States Postal Service located at 57 Rolfe Square in Cranston, Rhode Island, shall be known and designated as the “Holly A. Charette Post Office”"
10,S CON RES 79,On Motion to Suspend the Rules and Agree,15-Feb-2006,6:12 PM,Expressing the sense of Congress that no United States assistance should be provided directly to the Palestinian Authority if any representative political party holding a majority of parliamentary seats within the Palestinian Authority maintains a position calling for the destruction of Israel.
11,H R 4745,On Motion to Suspend the Rules and Pass,15-Feb-2006,6:21 PM,"Making supplemental appropriations for fiscal year 2006 for the Small Business Administration’s disaster loan program, and for other purposes"
12,H CON RES 341,On Agreeing to the Resolution,16-Feb-2006,11:31 AM,Condemning the Government of Iran for violating its international nuclear nonproliferation obligations and expressing support for efforts to report Iran to the United Nations Security Council
13,H RES 687,On Motion to Table,16-Feb-2006,11:55 AM,
14,H R 1096,"On Motion to Suspend the Rules and Pass, as Amended",28-Feb-2006,6:54 PM,To establish the Thomas Edison National Historical Park in the State of New Jersey as the successor to the Edison National Historical Site
15,H RES 668,"On Motion to Suspend the Rules and Agree, as Amended",28-Feb-2006,7:03 PM,Celebrating the 40th anniversary of the Texas Western’s 1966 NCAA Basketball Championship and recognizing the groundbreaking impact of the title game victory on diversity in sports and civil rights in America
16,H R 1259,"On Motion to Suspend the Rules and Pass, as Amended",28-Feb-2006,7:20 PM,"To authorize the President to award a gold medal on behalf of Congress, collectively, to the Tuskegee Airmen in recognition of their unique military record, which inspired revolutionary reform in the Armed Forces"
17,H RES 357,On Motion to Suspend the Rules and Agree,1-Mar-2006,3:25 PM,Honoring Justice Sandra Day O’Connor
18,H RES 702,On Ordering the Previous Question,2-Mar-2006,12:34 PM,"Providing for the consideration of H.R. 4167, National Uniformity for Food Act"
19,H R 4054,On Motion to Suspend the Rules and Pass,7-Mar-2006,6:56 PM,"To designate the facility of the United States Postal Service located at 6110 East 51st Place in Tulsa, Oklahoma, as the “Dewey F. Bartlett Post Office”"
20,S 2271,On Motion to Suspend the Rules and Pass,7-Mar-2006,7:16 PM,USA PATRIOT Act Additional Reauthorizing Amendments Act
21,H RES 710,On Ordering the Previous Question,8-Mar-2006,3:35 PM,"Providing for the further consideration of H.R. 4167, National Uniformity for Food Act"
22,H R 2830,On Motion to Instruct Conferees,8-Mar-2006,3:48 PM,Pension Protection Act of 2005
23,H R 4192,On Motion to Suspend the Rules and Pass,8-Mar-2006,3:56 PM,"To authorize the Secretary of the Interior to designate the President William Jefferson Clinton Birthplace Home in Hope, Arkansas, as a National Historic Site and unit of the National Park System, and for other purposes"
24,H R 1053,"On Motion to Suspend the Rules and Pass, as Amended",8-Mar-2006,4:05 PM,To authorize the extension of nondiscriminatory treatment (normal trade relations agreement) to the products of Ukraine
25,H RES 673,On Motion to Suspend the Rules and Agree,8-Mar-2006,4:13 PM,"Expressing support for the efforts of the people of the Republic of Belarus to establish a full democracy, the rule of law, and respect for human rights and urging the Government of Belarus to conduct a free and fair presidential election on March 19, 2006."
26,H R 3505,"On Motion to Suspend the Rules and Pass, as Amended",8-Mar-2006,4:21 PM,Financial Services Regulatory Relief Act of 2005
27,H R 4167,On Agreeing to the Amendment,8-Mar-2006,6:14 PM,
28,H R 4167,On Agreeing to the Amendment,8-Mar-2006,6:24 PM,
29,H R 4167,On Agreeing to the Amendment,8-Mar-2006,6:31 PM,
30,H R 4167,On Agreeing to the Amendment,8-Mar-2006,6:39 PM,
31,H R 4167,On Motion to Recommit with Instructions,8-Mar-2006,7:10 PM,National Uniformity for Food Act
32,H R 4167,On Passage,8-Mar-2006,7:25 PM,National Uniformity for Food Act
33,H RES 713,On Ordering the Previous Question,9-Mar-2006,11:28 AM,Providing for consideration of the bill (H.R. 2829) to reauthorize the Office of National Drug Control Policy Act
34,H R 2829,On Agreeing to the Amendment,9-Mar-2006,3:40 PM,
35,H R 2829,On Agreeing to the Amendment,9-Mar-2006,3:48 PM,
36,H R 2829,On Agreeing to the Amendment,9-Mar-2006,3:56 PM,
37,H R 2829,On Agreeing to the Amendment,9-Mar-2006,4:04 PM,
38,H R 2829,On Passage,9-Mar-2006,4:22 PM,To reauthorize the Office of National Drug Control Policy Act
39,H CON RES 354,On Motion to Suspend the Rules and Agree,14-Mar-2006,7:26 PM,Expressing the continued support of Congress for requiring an institution of higher education to provide military recruiters with access to the institution’s campus and students at least equal in quality and scope to that which is provided to any other employer in order to be eligible for the receipt of Federal funds.
40,H RES 725,On Ordering the Previous Question,15-Mar-2006,11:52 AM,"Providing for consideration of the bill (H.R. 4939) making emergency supplemental appropriations for the fiscal year ending September 30, 2006, and for other purposes"
41,H RES 725,On Agreeing to the Resolution,15-Mar-2006,12:03 PM,"Providing for consideration of the bill (H.R. 4939) making emergency supplemental appropriations for the fiscal year ending September 30, 2006, and for other purposes"
42,H CON RES 190,On Motion to Suspend the Rules and Agree,15-Mar-2006,12:11 PM,"Expressing the sense of Congress that the Russian Federation should fully protect the freedoms of all religious communities without distinction, whether registered and unregistered, as stipulated by the Russian Constitution and international standards."
43,H R 4939,On Agreeing to the Amendment,15-Mar-2006,6:00 PM,
44,H R 4944,On Motion to Suspend the Rules and Pass,15-Mar-2006,6:20 PM,Miscellaneous Trade and Technical Corrections Act
45,H R 4939,On Agreeing to the Amendment,16-Mar-2006,10:58 AM,
46,H R 4939,On Agreeing to the Amendment,16-Mar-2006,11:07 AM,
47,H R 4939,On Agreeing to the Amendment,16-Mar-2006,11:14 AM,
48,H R 4939,On Agreeing to the Amendment,16-Mar-2006,11:22 AM,
49,H R 4939,On Agreeing to the Amendment,16-Mar-2006,11:30 AM,
50,H R 4939,On Agreeing to the Amendment,16-Mar-2006,11:37 AM,
51,H R 4939,On Agreeing to the Amendment,16-Mar-2006,11:44 AM,
52,H R 4939,On Agreeing to the Amendment,16-Mar-2006,11:51 AM,
53,H R 4939,On Agreeing to the Amendment,16-Mar-2006,12:00 PM,
54,H R 4939,On Agreeing to the Amendment,16-Mar-2006,12:07 PM,
55,H R 4939,On Sustaining the Ruling of the Chair,16-Mar-2006,2:57 PM,"Making emergency supplemental appropriations for the fiscal year ending September 30, 2006, and for other purposes"
56,H R 4939,On Agreeing to the Amendment,16-Mar-2006,3:08 PM,
57,H R 4939,On Agreeing to the Amendment,16-Mar-2006,3:12 PM,
58,H R 4939,On Agreeing to the Amendment,16-Mar-2006,3:16 PM,
59,H R 4939,On Agreeing to the Amendment,16-Mar-2006,3:20 PM,
60,H R 4939,On Agreeing to the Amendment,16-Mar-2006,5:32 PM,
61,H R 4939,On Agreeing to the Amendment,16-Mar-2006,5:36 PM,
62,H R 4939,On Agreeing to the Amendment,16-Mar-2006,5:40 PM,
63,H R 4939,On Agreeing to the Amendment,16-Mar-2006,5:45 PM,
64,H R 4939,On Motion to Recommit with Instructions,16-Mar-2006,6:09 PM,"Making emergency supplemental appropriations for the fiscal year ending September 30, 2006, and for other purposes"
65,H R 4939,On Passage,16-Mar-2006,6:16 PM,"Making emergency supplemental appropriations for the fiscal year ending September 30, 2006, and for other purposes"
66,S 2320,On Motion to Suspend the Rules and Pass,16-Mar-2006,6:25 PM,"To make available funds included in the Deficit Reduction Act of 2005 for the Low-Income Home Energy Assistance Program for fiscal year 2006, and for other purposes"
67,H R 4297,On Motion to Instruct Conferees,16-Mar-2006,6:33 PM,Tax Relief Extension Reconciliation Act
68,H R 4882,"On Motion to Suspend the Rules and Pass, as Amended",28-Mar-2006,6:54 PM,Vietnam Veterans Memorial Visitor Center Deadline Enforcement Act
69,S 2120,On Motion to Suspend the Rules and Pass,28-Mar-2006,7:11 PM,Milk Regulatory Equity Act
70,H RES 741,On Agreeing to the Resolution,29-Mar-2006,11:59 AM,Providing for consideration of the bill (H.R. 609) to amend and extend the Higher Education Act of 1965
71,H R 609,On Agreeing to the Amendment,29-Mar-2006,6:17 PM,
72,H R 609,On Agreeing to the Amendment,29-Mar-2006,6:26 PM,
73,H RES 736,On Motion to Suspend the Rules and Agree,29-Mar-2006,6:44 PM,Expressing the sense of the House of Representatives that legal action in Afghanistan against citizens who have already converted or plan to convert to other religions is deplorable and unjust.
74,H R 4297,On Motion to Instruct Conferees,29-Mar-2006,6:52 PM,Tax Relief Extension Reconciliation Act
75,H RES 742,On Agreeing to the Resolution,30-Mar-2006,11:44 AM,"Providing for the further consideration of H.R. 609, College Access and Opportunity Act"
76,H RES 746,On Motion to Table,30-Mar-2006,12:08 PM,Resolution Raising a Question of the Privileges of the House
77,H R 609,On Agreeing to the Amendment,30-Mar-2006,2:02 PM,
78,H R 609,On Agreeing to the Amendment,30-Mar-2006,2:10 PM,
79,H R 609,On Agreeing to the Amendment,30-Mar-2006,2:19 PM,
80,H R 609,On Agreeing to the Amendment,30-Mar-2006,2:27 PM,
81,H R 609,On Passage,30-Mar-2006,2:46 PM,College Access and Opportunity Act
82,H J RES 81,On Motion to Suspend the Rules and Pass,4-Apr-2006,6:53 PM,Providing for the appointment of Phillip Frost as a citizen regent of the Board of Regents of the Smithsonian Institution
83,H RES 703,On Motion to Suspend the Rules and Agree,4-Apr-2006,7:03 PM,Recognizing the 20th anniversary of the Chernobyl nuclear disaster and supporting continued efforts to control rediation and mitigate the adverse health consequences related to the Chernobyl nuclear power plant
84,H RES 744,On Motion to Suspend the Rules and Agree,4-Apr-2006,7:19 PM,Expressing support for the Good Friday Agreement of 1998 as the blueprint for lasting peace in Northern Ireland and support for continued police reform in Northern Ireland as a critical element in the peace process
85,H RES 755,On Ordering the Previous Question,5-Apr-2006,4:26 PM,"Providing for consideration of the bill (H.R. 513) to amend the Federal Election Campaign Act of 1971 to clarify when organizations described in section 527 of the Internal Revenue Code of 1986 must register as political committees, and for other purposes"
86,H RES 755,On Agreeing to the Resolution,5-Apr-2006,4:35 PM,"Providing for consideration of the bill (H.R. 513) to amend the Federal Election Campaign Act of 1971 to clarify when organizations described in section 527 of the Internal Revenue Code of 1986 must register as political committees, and for other purposes"
87,H RES 762,On Motion to Table,5-Apr-2006,4:56 PM,
88,H R 513,On Passage,5-Apr-2006,6:29 PM,527 Reform Act
89,H RES 692,"On Motion to Suspend the Rules and Agree, as Amended",5-Apr-2006,6:38 PM,Commending the people of the Republic of the Marshall Islands for the contributions and sacrifices they made to the U.S. nuclear testing program in the Marshall Islands
90,H R 3127,"On Motion to Suspend the Rules and Pass, as Amended",5-Apr-2006,6:46 PM,Darfur Peace and Accountability Act
91,H RES 766,On Ordering the Previous Question,6-Apr-2006,11:59 AM,"Providing for the consideration of H. Con. Res. 376, Congressional Budget for FY 2007"
92,H RES 766,On Agreeing to the Resolution,6-Apr-2006,12:06 PM,"Providing for the consideration of H. Con. Res. 376, Congressional Budget for FY 2007"
93,H R 2830,On Motion to Instruct Conferees,6-Apr-2006,6:56 PM,Pension Protection Act of 2005
94,H R 4297,On Motion to Instruct Conferees,6-Apr-2006,7:04 PM,Tax Relief Extension Reconciliation Act
95,H RES 578,On Motion to Suspend the Rules and Agree,6-Apr-2006,7:17 PM,Concerning the Government of Romania’s ban on intercountry adoptions and the welfare of orphaned or abandoned children in Romania
96,H CON RES 320,"On Motion to Suspend the Rules and Agree, as Amended",6-Apr-2006,7:26 PM,"Calling on the Government of the Socialist Republic of Vietnam to immediately and unconditionally release Dr. Pham Hong Son and other political prisoners and prisoners of conscience, and for other purposes"
97,H RES 737,On Motion to Suspend the Rules and Agree,6-Apr-2006,7:33 PM,"Supporting the goals and ideals of Financial Literacy Month, and for other purposes"
98,H RES 556,On Motion to Suspend the Rules and Agree,6-Apr-2006,7:40 PM,National Methamphetamine Prevention Week
99,H CON RES 366,On Motion to Suspend the Rules and Agree,6-Apr-2006,7:52 PM,"To congratulate the National Aeronautics and Space Administration on the 25th anniversary of the first flight of the Space Transport System, honor Commander John Young and the Pilot Robert Crippen, who flew the Space Shuttle Columbia on April 12-14, 1981, and to commend the men and women of NASA"
100,S J RES 28,On Motion to Suspend the Rules and Pass,25-Apr-2006,6:57 PM,Approving the location of the commemorative work in the District of Columbia honoring former President Dwight D. Eisenhower
101,H R 4709,"On Motion to Suspend the Rules and Pass, as Amended",25-Apr-2006,7:14 PM,Telephone Records and Privacy Protection Act
102,H RES 774,On Ordering the Previous Question,26-Apr-2006,2:19 PM,"Providing for consideration of the bill (H.R. 5020) to authorize appropriations for fiscal year 2007 for intelligence and intelligence-related activities of the United States Government, the Community Management Account, and the Central Intelligence Agency Retirement and Disability System, and for other purposes"
103,H RES 774,On Agreeing to the Resolution,26-Apr-2006,2:32 PM,"Providing for consideration of the bill (H.R. 5020) to authorize appropriations for fiscal year 2007 for intelligence and intelligence-related activities of the United States Government, the Community Management Account, and the Central Intelligence Agency Retirement and Disability System, and for other purposes"
104,H CON RES 365,On Motion to Suspend the Rules and Agree,26-Apr-2006,2:40 PM,"Urging the Government of China to reinstate all licenses of Gao Zhisheng and his law firm, remove all legal and political obstacles for lawyers attempting to defend criminal cases in China, including politically sensitive cases, and reverse law and practice in China so that it conforms to international standards"
105,H R 282,"On Motion to Suspend the Rules and Pass, as Amended",26-Apr-2006,2:49 PM,To hold the current regime in Iran accountable for its threatening behavior and to support a transition to democracy in Iran
106,H R 5020,On Agreeing to the Amendment,26-Apr-2006,5:13 PM,
107,H R 5020,On Motion to Recommit with Instructions,26-Apr-2006,5:46 PM,Intelligence Authorization for Fiscal Year 2007
108,H R 5020,On Passage,26-Apr-2006,5:58 PM,Intelligence Authorization for Fiscal Year 2007
109,H R 4297,On Motion to Instruct Conferees,27-Apr-2006,5:27 PM,Tax Relief Extension Reconciliation Act
110,H RES 783,On Agreeing to the Resolution,27-Apr-2006,5:46 PM,"Providing for consideration of the bill (H.R. 4975) to provide greater transparency with respect to lobbying activities, and for othe purposes"
111,H RES 697,"On Motion to Suspend the Rules and Agree, as Amended",2-May-2006,6:53 PM,"Congratulating the people and Government of Italy et al. upon the successful completion of the 2006 Olympic Winter Games in Turin, Italy"
112,H CON RES 392,"On Motion to Suspend the Rules and Agree, as Amended",2-May-2006,7:02 PM,Recognizing the 58th anniversary of the independence of the State of Israel
113,H RES 658,"On Motion to Suspend the Rules and Agree, as Amended",2-May-2006,7:19 PM,Supporting the goals and ideals of World Water Day
114,H CON RES 359,On Motion to Suspend the Rules and Agree,3-May-2006,2:47 PM,Authorizing the use of the Capitol Grounds for the District of Columbia Special Olympics Law Enforcement Torch Run
115,H R 5253,On Motion to Suspend the Rules and Pass,3-May-2006,2:57 PM,Federal Energy Price Protection Act
116,H R 5254,On Motion to Suspend the Rules and Pass,3-May-2006,3:06 PM,Refinery Permit Process Schedule Act
117,H R 4975,On Agreeing to the Amendment,3-May-2006,4:46 PM,
118,H R 4975,On Motion to Recommit with Instructions,3-May-2006,5:19 PM,Lobbying Accountability and Transparency Act
119,H R 4975,On Passage,3-May-2006,5:31 PM,Lobbying Accountability and Transparency Act
120,H RES 781,On Motion to Suspend the Rules and Agree,3-May-2006,5:41 PM,"Congratulating charter schools and their students, parents, teachers, and administrators across the United States for their ongoing contributions to education, and for other purposes"
121,H R 4297,On Motion to Instruct Conferees,3-May-2006,8:40 PM,Tax Relief Extension Reconciliation Act
122,H R 2830,On Motion to Instruct Conferees,3-May-2006,8:49 PM,Pension Protection Act of 2005
123,H RES 789,On Ordering the Previous Question,3-May-2006,8:59 PM,"Providing for consideration of H.R. 4954 to improve maritime and cargo security through enhanced layered defenses, and for other purposes."
124,H RES 789,On Agreeing to the Resolution,3-May-2006,9:06 PM,"Providing for consideration of H.R. 4954 to improve maritime and cargo security through enhanced layered defenses, and for other purposes."
125,H R 4954,On Agreeing to the Amendment,4-May-2006,1:55 PM,
126,H R 4954,On Motion to Recommit with Instructions,4-May-2006,2:29 PM,Security and Accountability for Every Port (SAFE) Act
127,H R 4954,On Passage,4-May-2006,2:38 PM,Security and Accountability for Every Port (SAFE) Act
128,H RES 803,On Motion to Suspend the Rules and Agree,9-May-2006,7:01 PM,Providing for concurrence by the House with amendments in the amendments of the Senate to H.R. 1499
129,H R 5037,On Motion to Suspend the Rules and Pass,9-May-2006,7:10 PM,Respect for America’s Fallen Heroes Act
130,H R 3829,On Motion to Suspend the Rules and Pass,9-May-2006,7:29 PM,"To designate the Department of Veterans Affairs Medical Center in Muskogee, Oklahoma, as the Jack C. Montgomery Department of Veterans Affairs Medical Center"
131,H R 5143,"On Motion to Suspend the Rules and Pass, as Amended",10-May-2006,1:35 PM,H-Prize Act
132,H RES 805,On Agreeing to the Resolution,10-May-2006,1:44 PM,Waiving points of order against the conference report to accompany the bill (H.R. 4297) to provide for reconciliation pursuant to section 201(b) of the concurrent resolution on the budget for fiscal year 2006
133,H RES 806,On Agreeing to the Resolution,10-May-2006,1:53 PM,"Providing for the consideration of H.R. 5122, National Defense Authorization Act for Fiscal Year 2007"
134,H R 4297,On Motion to Recommit with Instructions,10-May-2006,6:08 PM,Tax Relief Extension Reconciliation Act
135,H R 4297,On Agreeing to the Conference Report,10-May-2006,6:16 PM,Tax Relief Extension Reconciliation Act
136,H R 5122,On Agreeing to the Amendment,10-May-2006,6:34 PM,
137,ADJOURN,On Motion to Adjourn,11-May-2006,10:52 AM,
138,ADJOURN,On Motion to Adjourn,11-May-2006,11:28 AM,
139,H RES 811,On Ordering the Previous Question,11-May-2006,12:52 PM,"Providing for the further consideration of H.R. 5122, National Defense Authorization Act for Fiscal Year 2007"
140,H RES 811,On Agreeing to the Resolution,11-May-2006,1:08 PM,"Providing for the further consideration of H.R. 5122, National Defense Authorization Act for Fiscal Year 2007"
141,H R 5122,On Agreeing to the Amendment,11-May-2006,3:46 PM,
142,H R 5122,On Agreeing to the Amendment,11-May-2006,3:57 PM,
143,H R 5122,On Agreeing to the Amendment,11-May-2006,4:08 PM,
144,H R 5122,On Motion to Recommit with Instructions,11-May-2006,4:37 PM,National Defense Authorization Act for Fiscal Year 2007
145,H R 5122,On Passage,11-May-2006,4:45 PM,National Defense Authorization Act for Fiscal Year 2007
146,H RES 802,On Motion to Suspend the Rules and Agree,11-May-2006,4:54 PM,Encouraging all eligible Medicare beneficiaries who have not yet elected enroll in the new Medicare Part D benefit to review the available options and to determine whether enrollment in a Medicare prescription drug plan best meets their current and future needs for prescription drug coverage
147,H R 4200,On Agreeing to the Amendment,17-May-2006,3:12 PM,
148,H R 4200,On Agreeing to the Amendment,17-May-2006,3:21 PM,
149,H R 4200,On Agreeing to the Amendment,17-May-2006,3:29 PM,
150,H R 4200,On Agreeing to the Amendment,17-May-2006,3:37 PM,
151,H R 4200,On Passage,17-May-2006,3:57 PM,Forest Emergency Recovery and Research Act
152,H RES 815,On Agreeing to the Resolution,17-May-2006,4:08 PM,Waiving the requirement of clause 6(a) of rule XIII with respect to consideration of certain resolutions reported from the Committee on Rules
153,H RES 817,On Ordering the Previous Question,17-May-2006,8:27 PM,Providing for further consideration of the concurrent resolution (H. Con. Res. 376) establishing the congressional budget for the United States Government for fiscal year 2007 and setting forth appropriate budgetary levels for fiscal years 2008 through 2011
154,H RES 817,On Agreeing to the Resolution,17-May-2006,8:37 PM,Providing for further consideration of the concurrent resolution (H. Con. Res. 376) establishing the congressional budget for the United States Government for fiscal year 2007 and setting forth appropriate budgetary levels for fiscal years 2008 through 2011
155,H CON RES 376,On Agreeing to the Amendment,17-May-2006,10:01 PM,
156,H CON RES 376,On Agreeing to the Amendment,18-May-2006,12:16 AM,
157,H CON RES 376,On Agreeing to the Amendment,18-May-2006,12:24 AM,
158,H CON RES 376,On Agreeing to the Resolution,18-May-2006,1:02 AM,Congressional Budget for FY 2007
159,H RES 740,"On Motion to Suspend the Rules and Agree, as Amended",18-May-2006,1:10 AM,"Calling on the Government of the United Kingdom to immediately establish a full, independent, public judicial inquiry into the murder of Northern Ireland defense attorney Pat Finucane, as recommended by international Judge Peter Cory as part of the Weston Park agreement and a way forward for the Peace Process"
160,H RES 818,On Ordering the Previous Question,18-May-2006,11:58 AM,"Providing for consideration of the bill (H.R. 5386) making appropriations for the Department of the Interior, environment, and related agencies for the fiscal year ending September 30, 2007, and for other purposes"
161,H RES 818,On Agreeing to the Resolution,18-May-2006,12:07 PM,"Providing for consideration of the bill (H.R. 5386) making appropriations for the Department of the Interior, environment, and related agencies for the fiscal year ending September 30, 2007, and for other purposes"
162,H RES 795,On Motion to Suspend the Rules and Agree,18-May-2006,12:17 PM,"Condemning in the strongest terms the terrorist attacks in Dahab and Northern Sinai, Egypt, on April 24 and 26, 2006"
163,H R 5386,On Agreeing to the Amendment,18-May-2006,6:09 PM,
164,H R 5386,On Agreeing to the Amendment,18-May-2006,6:17 PM,
165,H R 5386,On Agreeing to the Amendment,18-May-2006,6:25 PM,
166,H R 5386,On Agreeing to the Amendment,18-May-2006,6:33 PM,
167,H R 5386,On Agreeing to the Amendment,18-May-2006,6:40 PM,
168,H R 5386,On Agreeing to the Amendment,18-May-2006,6:48 PM,
169,H R 5386,On Agreeing to the Amendment,18-May-2006,9:42 PM,
170,H R 5386,On Agreeing to the Amendment,18-May-2006,9:50 PM,
171,H R 5386,On Agreeing to the Amendment,18-May-2006,9:57 PM,
172,H R 5386,On Passage,18-May-2006,10:16 PM,"Making appropriations for the Department of the Interior, environment, and related agencies for the fiscal year ending September 30, 2007, and for other purposes"
173,H RES 821,On Ordering the Previous Question,19-May-2006,10:34 AM,"Providing for consideration of the bill (H.R. 5385) making appropriations for the military quality of life functions of the Department of Defense, military construction, the Department of Veterans Affairs and related agencies for the fiscal year ending September 30, 2007, and for other purposes"
174,H RES 821,On Agreeing to the Resolution,19-May-2006,10:43 AM,"Providing for consideration of the bill (H.R. 5385) making appropriations for the military quality of life functions of the Department of Defense, military construction, the Department of Veterans Affairs and related agencies for the fiscal year ending September 30, 2007, and for other purposes"
175,H R 5385,On Agreeing to the Amendment,19-May-2006,2:37 PM,
176,H R 5385,On Passage,19-May-2006,2:54 PM,"Making appropriations for the military quality of life functions of the Department of Defense, military construction, the Department of Veterans Affairs, and related agencies for the fiscal year ending September 30, 2007, and for other purposes"
177,S 1235,"On Motion to Suspend the Rules and Pass, as Amended",22-May-2006,6:59 PM,Veterans Benefits Improvement Act
178,H R 3858,On Motion to Suspend the Rules and Pass,22-May-2006,7:07 PM,Pets Evacuation and Transportation Standards Act
179,H RES 830,On Ordering the Previous Question,23-May-2006,11:40 AM,"Providing for consideration of the bill (H.R. 5384) making appropriations for Agriculture, Rural Development, Food and Drug Administration, and Related Agencies for the fiscal year ending September 30, 2007, and for other purposes"
180,H RES 830,On Agreeing to the Resolution,23-May-2006,11:49 AM,"Providing for consideration of the bill (H.R. 5384) making appropriations for Agriculture, Rural Development, Food and Drug Administration, and Related Agencies for the fiscal year ending September 30, 2007, and for other purposes"
181,H R 4681,"On Motion to Suspend the Rules and Pass, as Amended",23-May-2006,11:57 AM,Palestinian Anti-Terrorism Act
182,H R 5384,On Agreeing to the Amendment,23-May-2006,5:17 PM,
183,H R 5384,On Agreeing to the Amendment,23-May-2006,5:26 PM,
184,H R 5384,On Agreeing to the Amendment,23-May-2006,5:35 PM,
185,H R 5384,On Agreeing to the Amendment,23-May-2006,5:47 PM,
186,H R 5384,On Agreeing to the Amendment,23-May-2006,5:55 PM,
187,H R 5384,On Agreeing to the Amendment,23-May-2006,6:02 PM,
188,H R 5384,On Agreeing to the Amendment,23-May-2006,6:11 PM,
189,H R 5384,On Agreeing to the Amendment,23-May-2006,8:46 PM,
190,H R 5384,On Agreeing to the Amendment,23-May-2006,8:50 PM,
191,H R 5384,On Agreeing to the Amendment,23-May-2006,8:54 PM,
192,H R 5384,On Agreeing to the Amendment,23-May-2006,8:58 PM,
193,H R 5384,On Passage,23-May-2006,9:17 PM,"Making appropriations for Agriculture, Rural Development, Food and Drug Administration, and Related Agencies for the fiscal year ending September 30, 2007, and for other purposes"
194,H RES 832,On Ordering the Previous Question,24-May-2006,2:15 PM,"Providing for consideration of the bill (H.R. 5427) making appropriations for energy and water development for the fiscal year ending September 30, 2007, and for other purposes"
195,H RES 832,On Agreeing to the Resolution,24-May-2006,2:24 PM,"Providing for consideration of the bill (H.R. 5427) making appropriations for energy and water development for the fiscal year ending September 30, 2007, and for other purposes"
196,H R 5427,On Agreeing to the Amendment,24-May-2006,6:53 PM,
197,H R 5427,On Agreeing to the Amendment,24-May-2006,7:01 PM,
198,H R 5427,On Agreeing to the Amendment,24-May-2006,7:08 PM,
199,H R 5427,On Agreeing to the Amendment,24-May-2006,7:16 PM,
200,H R 5427,On Agreeing to the Amendment,24-May-2006,7:22 PM,
201,H R 5427,On Agreeing to the Amendment,24-May-2006,7:29 PM,
202,H R 5427,On Agreeing to the Amendment,24-May-2006,10:02 PM,
203,H R 5427,On Agreeing to the Amendment,24-May-2006,10:09 PM,
204,H R 5427,On Agreeing to the Amendment,24-May-2006,10:16 PM,
205,H R 5427,On Agreeing to the Amendment,24-May-2006,10:22 PM,
206,H R 5427,On Passage,24-May-2006,10:40 PM,"Making appropriations for energy and water development for the fiscal year ending September 30, 2007, and for other purposes"
207,H RES 835,On Agreeing to the Resolution,25-May-2006,12:30 PM,"Providing for consideration of the bill (H.R. 5429) to direct the Secretary of the Interior to establish and implement a competitive oil and gas leasing program that will result in a program for the exploration, development and production of the oil and gas resources of the Coastal Plain of Alaska"
208,H R 5429,On Motion to Recommit with Instructions,25-May-2006,3:22 PM,American-Made Energy and Good Jobs Act
209,H R 5429,On Passage,25-May-2006,3:31 PM,American-Made Energy and Good Jobs Act
210,H RES 836,On Ordering the Previous Question,25-May-2006,3:40 PM,"Providing for the consideration of H.R. 5441, Department of Homeland Security Appropriations Act, 2007"
211,H R 5441,On Agreeing to the Amendment,25-May-2006,6:41 PM,
212,H R 5441,On Agreeing to the Amendment,25-May-2006,6:46 PM,
213,H R 5441,On Agreeing to the Amendment,25-May-2006,6:52 PM,
214,H R 5441,On Agreeing to the Amendment,25-May-2006,6:55 PM,
215,H R 5441,On Agreeing to the Amendment,25-May-2006,6:59 PM,
216,H R 5441,On Agreeing to the Amendment,25-May-2006,7:03 PM,
217,H R 5441,On Agreeing to the Amendment,25-May-2006,7:06 PM,
218,H R 5441,On Agreeing to the Amendment,25-May-2006,7:16 PM,
219,H R 5441,On Agreeing to the Amendment,25-May-2006,9:50 PM,
220,H R 5441,On Agreeing to the Amendment,25-May-2006,9:55 PM,
221,H R 5441,On Agreeing to the Amendment,25-May-2006,10:00 PM,
222,H R 5441,On Agreeing to the Amendment,25-May-2006,10:06 PM,
223,H R 5441,On Agreeing to the Amendment,6-Jun-2006,7:03 PM,
224,H R 5441,On Agreeing to the Amendment,6-Jun-2006,7:09 PM,
225,H R 5441,Table the Appeal of the Ruling of the Chair,6-Jun-2006,7:42 PM,"Department of Homeland Security Appropriations Act, 2007"
226,H R 5441,On Passage,6-Jun-2006,8:01 PM,"Department of Homeland Security Appropriations Act, 2007"
227,H RES 842,On Ordering the Previous Question,7-Jun-2006,4:45 PM,Providing for consideration of the bill (H.R. 5254) to set schedules for the consideration of permits for refineries
228,H RES 842,On Agreeing to the Resolution,7-Jun-2006,4:53 PM,Providing for consideration of the bill (H.R. 5254) to set schedules for the consideration of permits for refineries
229,H R 5521,On Passage,7-Jun-2006,5:01 PM,Legislative Branch Appropriations for Fiscal Year 2007
230,S 193,On Motion to Suspend the Rules and Pass,7-Jun-2006,5:09 PM,Broadcast Decency Enforcement Act
231,H R 5254,On Motion to Recommit with Instructions,7-Jun-2006,6:52 PM,Refinery Permit Process Schedule Act
232,H R 5254,On Passage,7-Jun-2006,6:59 PM,Refinery Permit Process Schedule Act
233,H R 5449,On Motion to Suspend the Rules and Pass,7-Jun-2006,7:07 PM,"To amend title 49, United States Code, to modify bargaining requirements for proposed changes to the personnel management system of the Federal Aviation Administration"
234,S 2803,On Motion to Suspend the Rules and Pass,7-Jun-2006,7:14 PM,Mine Improvement and New Emergency Respose Act
235,H RES 850,On Consideration of the Resolution,8-Jun-2006,12:06 PM,Providing for consideration of the bill (H.R. 5252) to promote the deployment of broadband networks and services
236,H R 5522,On Agreeing to the Amendment,8-Jun-2006,5:11 PM,
237,H RES 850,On Agreeing to the Resolution,8-Jun-2006,5:56 PM,Providing for consideration of the bill (H.R. 5252) to promote the deployment of broadband networks and services
238,H R 5252,On Agreeing to the Amendment,8-Jun-2006,9:14 PM,
239,H R 5252,On Agreeing to the Amendment,8-Jun-2006,9:22 PM,
240,H R 5252,On Motion to Recommit with Instructions,8-Jun-2006,9:56 PM,"Communications, Opportunity, Promotion, and Enhancement Act of 2006"
241,H R 5252,On Passage,8-Jun-2006,10:05 PM,"Communications, Opportunity, Promotion, and Enhancement Act of 2006"
242,H R 5522,On Agreeing to the Amendment,9-Jun-2006,1:44 PM,
243,H R 5522,On Agreeing to the Amendment,9-Jun-2006,1:50 PM,
244,H R 5522,On Agreeing to the Amendment,9-Jun-2006,1:57 PM,
245,H R 5522,On Agreeing to the Amendment,9-Jun-2006,2:00 PM,
246,H R 5522,On Agreeing to the Amendment,9-Jun-2006,2:05 PM,
247,H R 5522,On Agreeing to the Amendment,9-Jun-2006,2:09 PM,
248,H R 5522,On Agreeing to the Amendment,9-Jun-2006,2:13 PM,
249,H R 5522,On Agreeing to the Amendment,9-Jun-2006,2:17 PM,
250,H R 5522,On Passage,9-Jun-2006,2:39 PM,"Making appropriations for foreign operations, export financing, and related programs for the fiscal year ending September 30, 2007, and for other purposes"
251,H RES 794,"On Motion to Suspend the Rules and Agree, as Amended",12-Jun-2006,6:58 PM,"Recognizing the 17th anniversary of the massacre in Tiananmen Square, Beijing, in the People’s Republic of China, and for other purposes"
252,H RES 804,"On Motion to Suspend the Rules and Agree, as Amended",12-Jun-2006,7:05 PM,"Condemning the unauthorized, inappropriate, and coerced ordination of Catholic bishops by the People’s Republic of China"
253,H RES 608,"On Motion to Suspend the Rules and Agree, as Amended",12-Jun-2006,7:13 PM,Condemning the escalating levels of religious persecution in the People’s Republic of China
254,H CON RES 338,On Motion to Suspend the Rules and Agree,12-Jun-2006,7:21 PM,Expressing the sense of Congress regarding the activities of Islamist terrorist organizations in the Western Hemisphere
255,H RES 857,On Ordering the Previous Question,12-Jun-2006,7:28 PM,"Waiving points of order against consideration of the conference report to accompany the bill (H.R. 4939) making emergency supplemental appropriations for the fiscal year ending September 30, 2006, and for other purposes"
256,H CON RES 408,"On Motion to Suspend the Rules and Agree, as Amended",13-Jun-2006,11:35 AM,Commending the Government of Canada for its renewed commitment to the Global War on Terror
257,H R 4939,On Agreeing to the Conference Report,13-Jun-2006,12:02 PM,"Making emergency supplemental appropriations for the fiscal year ending September 30, 2006, and for other purposes"
258,H RES 862,On Agreeing to the Resolution,13-Jun-2006,2:41 PM,Waiving a requirement of clause 6(a) of rule XIII with respect to consideration of certain resolutions reported from the Committee on Rules
259,H R 4894,"On Motion to Suspend the Rules and Pass, as Amended",13-Jun-2006,2:50 PM,"To provide for certain access to national crime information databases by schools and educational agencies for employment purposes, with respect to individuals who work with children"
260,H RES 318,"On Motion to Suspend the Rules and Agree, as Amended",13-Jun-2006,3:02 PM,"Supporting responsible fatherhood, promoting marriage, and encouraging greater involvement of fathers in the lives of their children, especially on Father’s Day"
261,H RES 865,On Ordering the Previous Question,13-Jun-2006,4:05 PM,"Providing for consideration of the bill (H.R. 5576) making appropriations for the Departments of Transportation, Treasury, and Housing and Urban Development, the Judiciary, District of Columbia, and independent agencies for the fiscal year ending September 30, 2007, and for other purposes"
262,H RES 865,On Agreeing to the Resolution,13-Jun-2006,4:14 PM,"Providing for consideration of the bill (H.R. 5576) making appropriations for the Departments of Transportation, Treasury, and Housing and Urban Development, the Judiciary, District of Columbia, and independent agencies for the fiscal year ending September 30, 2007, and for other purposes"
263,H R 5576,On Agreeing to the Amendment,13-Jun-2006,9:21 PM,
264,H R 5576,On Agreeing to the Amendment,13-Jun-2006,9:27 PM,
265,H R 5576,On Agreeing to the Amendment,13-Jun-2006,9:31 PM,
266,H R 5576,On Agreeing to the Amendment,13-Jun-2006,9:36 PM,
267,H R 5576,On Agreeing to the Amendment,13-Jun-2006,9:39 PM,
268,H R 5576,On Agreeing to the Amendment,13-Jun-2006,9:42 PM,
269,H R 5576,On Agreeing to the Amendment,13-Jun-2006,9:45 PM,
270,H R 5576,On Agreeing to the Amendment,13-Jun-2006,9:49 PM,
271,H R 5576,On Agreeing to the Amendment,13-Jun-2006,9:51 PM,
272,H R 5576,On Agreeing to the Amendment,13-Jun-2006,9:55 PM,
273,H R 5576,On Agreeing to the Amendment,13-Jun-2006,9:59 PM,
274,H R 5576,On Agreeing to the Amendment,14-Jun-2006,1:56 PM,
275,H R 5576,On Agreeing to the Amendment,14-Jun-2006,2:00 PM,
276,H R 5576,On Agreeing to the Amendment,14-Jun-2006,2:05 PM,
277,H R 5576,On Agreeing to the Amendment,14-Jun-2006,2:09 PM,
278,H R 5576,On Agreeing to the Amendment,14-Jun-2006,2:15 PM,
279,H R 5576,On Agreeing to the Amendment,14-Jun-2006,2:21 PM,
280,H R 5576,On Agreeing to the Amendment,14-Jun-2006,2:25 PM,
281,H R 5576,On Agreeing to the Amendment,14-Jun-2006,2:31 PM,
282,H R 5576,On Agreeing to the Amendment,14-Jun-2006,5:05 PM,
283,H R 5576,On Agreeing to the Amendment,14-Jun-2006,5:11 PM,
284,H R 5576,On Agreeing to the Amendment,14-Jun-2006,5:18 PM,
285,H R 5576,On Agreeing to the Amendment,14-Jun-2006,5:24 PM,
286,H R 5576,On Passage,14-Jun-2006,5:45 PM,"Making appropriations for the Departments of Transportation, Treasury, and Housing and Urban Development, the Judiciary, District of Columbia, and independent agencies for the fiscal year ending September 30, 2007, and for other purposes"
287,H RES 868,On Agreeing to the Resolution,15-Jun-2006,12:02 PM,"Providing for consideration of the resolution (H. Res. 861) declaring that the United States will prevail in the Global War on Terror, the struggle to protect freedom from the terrorist adversary"
288,H RES 861,On Agreeing to the Resolution,16-Jun-2006,11:17 AM,"Declaring that the United States will prevail in the Global War on Terror, the struggle to protect freedom from the terrorist adversary"
289,H R 5540,On Motion to Suspend the Rules and Pass,19-Jun-2006,5:30 PM,"To designate the facility of the United States Postal Service located at 217 Southeast 2nd Street in Dimmitt, Texas, as the “Sergeant Jacob Dan Dones Post Office”"
290,H R 5504,On Motion to Suspend the Rules and Pass,19-Jun-2006,5:37 PM,"To designate the facility of the United States Postal Service located at 6029 Broadmoor Street in Mission, Kansas, as the “Larry Winn, Jr. Post Office Building”"
291,H RES 826,On Motion to Suspend the Rules and Agree,19-Jun-2006,6:14 PM,Expressing the sense of the House of Representatives that a National Young Sports Week should be established
292,H RES 877,On Agreeing to the Resolution,20-Jun-2006,2:12 PM,"Providing for the consideration of H.R. 5631, Department of Defense Appropriations Act, 2007"
293,H RES 731,"On Motion to Suspend the Rules and Agree, as Amended",20-Jun-2006,2:22 PM,Commending the Patriot Guard Riders for shielding mourning military families from protesters and preserving the memory of fallen service members at funerals
294,H R 5228,On Motion to Suspend the Rules and Pass,20-Jun-2006,2:32 PM,"To require representatives of governments designated as State Sponsors of Terrorism to disclose to the Attorney General lobbying contacts with legislative branch officials, and for other purposes"
295,H R 5631,On Agreeing to the Amendment,20-Jun-2006,6:27 PM,
296,H R 5631,On Agreeing to the Amendment,20-Jun-2006,6:32 PM,
297,H R 5631,On Agreeing to the Amendment,20-Jun-2006,6:37 PM,
298,H R 5631,On Agreeing to the Amendment,20-Jun-2006,6:42 PM,
299,H R 5631,On Agreeing to the Amendment,20-Jun-2006,6:46 PM,
300,H R 5631,On Agreeing to the Amendment,20-Jun-2006,9:12 PM,
301,H R 5631,On Agreeing to the Amendment,20-Jun-2006,9:17 PM,
302,H R 5631,On Agreeing to the Amendment,20-Jun-2006,9:22 PM,
303,H R 5631,On Agreeing to the Amendment,20-Jun-2006,9:26 PM,
304,H R 5631,On Agreeing to the Amendment,20-Jun-2006,9:31 PM,
305,H R 5631,On Passage,20-Jun-2006,9:50 PM,"Department of Defense Appropriations Act, 2007"
306,H R 5573,On Motion to Suspend the Rules and Pass,21-Jun-2006,2:54 PM,Health Centers Renewal Act
307,H R 5574,"On Motion to Suspend the Rules and Pass, as Amended",21-Jun-2006,3:03 PM,To amend the Public Health Service Act to reauthorize support for graduate medical education programs in children’s hospitals
308,H RES 885,On Ordering the Previous Question,22-Jun-2006,12:40 PM,"Providing for the consideration of H.R. 5638, Permanent Estate Tax Relief Act"
309,H RES 885,On Agreeing to the Resolution,22-Jun-2006,12:48 PM,"Providing for the consideration of H.R. 5638, Permanent Estate Tax Relief Act"
310,H RES 886,On Ordering the Previous Question,22-Jun-2006,12:57 PM,"Providing for the consideration of H.R. 4890, Legislative Line Item Veto Act"
311,H RES 886,On Agreeing to the Resolution,22-Jun-2006,1:05 PM,"Providing for the consideration of H.R. 4890, Legislative Line Item Veto Act"
312,H R 5638,On Consideration,22-Jun-2006,1:23 PM,
313,H R 5638,Table Appeal of the Ruling of the Chair,22-Jun-2006,3:28 PM,Permanent Estate Tax Relief Act
314,H R 5638,On Motion to Recommit with Instructions,22-Jun-2006,3:51 PM,Permanent Estate Tax Relief Act
315,H R 5638,On Passage,22-Jun-2006,4:00 PM,Permanent Estate Tax Relief Act
316,H R 4890,On Motion to Recommit with Instructions,22-Jun-2006,5:53 PM,Legislative Line Item Veto Act
317,H R 4890,On Passage,22-Jun-2006,6:01 PM,Legislative Line Item Veto Act
318,H RES 323,"On Motion to Suspend the Rules and Agree, as Amended",22-Jun-2006,6:08 PM,"Supporting the efforts to increase childhood cancer awareness, treatment, and research"
319,H RES 890,On Agreeing to the Resolution,27-Jun-2006,1:20 PM,"Providing for consideration of the bill (H.R. 5672) making appropriations for Science, the Departments of State, Justice, and Commerce, and related agencies for the fiscal year ending September 30, 2007, and for other purposes"
320,H R 889,Suspend the Rules and Agree to the Conference Report,27-Jun-2006,1:28 PM,Coast Guard and Maritime Transportation Act
321,H R 4843,"On Motion to Suspend the Rules and Pass, as Amended",27-Jun-2006,1:37 PM,Veterans’ Compensation Cost-of-Living Adjustment Act
322,H R 4973,On Agreeing to the Amendment,27-Jun-2006,4:41 PM,
323,H R 4973,On Agreeing to the Amendment,27-Jun-2006,4:48 PM,
324,H R 4973,On Agreeing to the Amendment,27-Jun-2006,4:57 PM,
325,H R 4973,On Passage,27-Jun-2006,5:19 PM,Flood Insurance Reform and Modernization Act
326,H R 5672,On Agreeing to the Amendment,27-Jun-2006,10:09 PM,
327,H R 5672,On Agreeing to the Amendment,27-Jun-2006,10:14 PM,
328,H R 5672,On Agreeing to the Amendment,27-Jun-2006,10:18 PM,
329,H R 5672,On Agreeing to the Amendment,27-Jun-2006,10:22 PM,
330,H R 5672,On Agreeing to the Amendment,27-Jun-2006,10:29 PM,
331,ADJOURN,On Motion to Adjourn,28-Jun-2006,11:08 AM,
332,H R 5672,On Motion that the Committee Rise,28-Jun-2006,11:59 AM,"Making appropriations for Science, the Departments of State, Justice, and Commerce, and related agencies for the fiscal year ending September 30, 2007, and for other purposes"
333,H R 5672,On Agreeing to the Amendment,28-Jun-2006,5:35 PM,
334,H R 5672,On Agreeing to the Amendment,28-Jun-2006,5:42 PM,
335,H R 5672,On Agreeing to the Amendment,28-Jun-2006,5:46 PM,
336,H R 5672,On Agreeing to the Amendment,28-Jun-2006,5:50 PM,
337,H R 5672,On Agreeing to the Amendment,28-Jun-2006,5:55 PM,
338,H R 5672,On Agreeing to the Amendment,28-Jun-2006,5:59 PM,
339,H R 5672,On Agreeing to the Amendment,28-Jun-2006,6:05 PM,
340,H R 5672,On Agreeing to the Amendment,28-Jun-2006,10:32 PM,
341,H R 5672,On Agreeing to the Amendment,28-Jun-2006,10:36 PM,
342,H R 5672,On Agreeing to the Amendment,28-Jun-2006,10:42 PM,
343,H R 5672,On Agreeing to the Amendment,28-Jun-2006,10:49 PM,
344,H R 5672,On Agreeing to the Amendment,28-Jun-2006,10:53 PM,
345,H R 5672,On Agreeing to the Amendment,28-Jun-2006,10:58 PM,
346,H R 5672,On Agreeing to the Amendment,28-Jun-2006,11:04 PM,
347,H R 5672,On Agreeing to the Amendment,29-Jun-2006,11:18 AM,
348,H R 5672,On Agreeing to the Amendment,29-Jun-2006,11:27 AM,
349,H R 5672,On Passage,29-Jun-2006,11:46 AM,"Making appropriations for Science, the Departments of State, Justice, and Commerce, and related agencies for the fiscal year ending September 30, 2007, and for other purposes"
350,H RES 896,On Ordering the Previous Question,29-Jun-2006,2:31 PM,Providing for consideration of the resolution (H. Res. 895) supporting intelligence and law enforcement programs to track terrorist finances conducted consistent with Federal law and with appropriate Congressional consultation and specifically condemning the disclosure and publication of classified information
351,H RES 896,On Agreeing to the Resolution,29-Jun-2006,2:38 PM,Providing for consideration of the resolution (H. Res. 895) supporting intelligence and law enforcement programs to track terrorist finances conducted consistent with Federal law and with appropriate Congressional consultation and specifically condemning the disclosure and publication of classified information
352,H RES 897,On Ordering the Previous Question,29-Jun-2006,2:45 PM,"Providing for consideration of the bill (H.R. 4761) to provide for exploration, development, and production activities for mineral resources on the outer Continental Shelf, and for other purposes"
353,H CON RES 440,On Agreeing to the Resolution,29-Jun-2006,2:54 PM,Providing for an adjournment or recess of the two Houses
354,H R 4761,On Agreeing to the Amendment,29-Jun-2006,6:57 PM,
355,H R 4761,On Agreeing to the Amendment,29-Jun-2006,7:04 PM,
356,H R 4761,On Passage,29-Jun-2006,7:21 PM,Deep Ocean Energy Resources Act
357,H RES 895,On Agreeing to the Resolution,29-Jun-2006,7:27 PM,"Supporting intelligence and law enforcement programs to track terrorists and terrorist finances conducted consistent with Federal law and with appropriate Congressional consultation and specifically condemning the disclosure and publication of classified information that impairs the international fight against, etc."
358,H R 2563,"On Motion to Suspend the Rules and Pass, as Amended",10-Jul-2006,6:57 PM,"To authorize the Secretary of the Interior to conduct feasibility studies to address certain water shortages within the Snake, Boise, and Payette River systems in Idaho, and for other purposes"
359,H R 5061,On Motion to Suspend the Rules and Pass,10-Jul-2006,7:13 PM,Paint Bank and Wytheville National Fish Hatcheries Conveyance Act
360,H RES 907,On Ordering the Previous Question,11-Jul-2006,12:10 PM,"Providing for the consideration of H.R. 4411, Unlawful Internet Gambling Enforcement Act"
361,H R 4411,On Agreeing to the Amendment,11-Jul-2006,2:40 PM,
362,H R 4411,On Motion to Recommit with Instructions,11-Jul-2006,3:09 PM,Unlawful Internet Gambling Enforcement Act
363,H R 4411,On Passage,11-Jul-2006,3:18 PM,Unlawful Internet Gambling Enforcement Act
364,H RES 906,On Ordering the Previous Question,12-Jul-2006,1:04 PM,"Providing for the consideration of H.R. 2990, Credit Rating Agency Duopoly Relief Act"
365,H RES 906,On Agreeing to the Resolution,12-Jul-2006,1:12 PM,"Providing for the consideration of H.R. 2990, Credit Rating Agency Duopoly Relief Act"
366,S 250,On Motion to Instruct Conferees,12-Jul-2006,1:21 PM,Carl D. Perkins Career and Technical Education Improvement Act
367,H R 2990,On Agreeing to the Amendment,12-Jul-2006,3:03 PM,
368,H R 2990,On Passage,12-Jul-2006,3:21 PM,Credit Rating Agency Duopoly Relief Act
369,H R 5646,"On Motion to Suspend the Rules and Pass, as Amended",12-Jul-2006,3:30 PM,To study and promote the use of energy efficient computer servers in the United States
370,H R 9,On Agreeing to the Amendment,13-Jul-2006,4:59 PM,
371,H R 9,On Agreeing to the Amendment,13-Jul-2006,5:06 PM,
372,H R 9,On Agreeing to the Amendment,13-Jul-2006,5:13 PM,
373,H R 9,On Agreeing to the Amendment,13-Jul-2006,5:19 PM,
374,H R 9,On Passage,13-Jul-2006,5:38 PM,"Fannie Lou Hamer, Rosa Parks, and Coretta Scott King Voting Rights Act Reauthorization and Amendments Act"
375,H R 3085,"On Motion to Suspend the Rules and Pass, as Amended",17-Jul-2006,6:55 PM,"To amend the National Trails System Act to update the feasibility and suitability study originally prepared for the Trail of Tears National Historic Trail and provide for the inclusion of new trail segments, land components, and campgrounds associated with that trail, and for other purposes"
376,H R 3496,"On Motion to Suspend the Rules and Pass, as Amended",17-Jul-2006,7:06 PM,"To amend the National Capital Transportation Act of 1969 to authorize additional Federal contributions for maintaining and improving the transit system of the Washington Metropolitan Area Transit Authority, and for other purposes"
377,H R 3729,"On Motion to Suspend the Rules and Pass, as Amended",17-Jul-2006,7:22 PM,Federal Judiciary Emergency Tolling Act
378,H J RES 88,On Passage,18-Jul-2006,2:00 PM,Proposing an amendment to the Constitution of the United States relating to marriage
379,S 3504,On Motion to Suspend the Rules and Pass,18-Jul-2006,6:35 PM,Fetus Farming Prohibition Act
380,S 2754,On Motion to Suspend the Rules and Pass,18-Jul-2006,6:44 PM,Alternative Pluripotent Stem Cell Therapies Enhancement Act
381,H RES 498,On Motion to Suspend the Rules and Agree,18-Jul-2006,6:59 PM,Supporting the goals and ideals of School Bus Safety Week
382,H RES 920,On Ordering the Previous Question,19-Jul-2006,12:13 PM,"Providing for consideration of the bill (H.R. 2389) to amend title 28, United States Code, with respect to the jurisdiction of Federal courts over certain cases and controversies involving the Pledge of Allegiance"
383,H RES 920,On Agreeing to the Resolution,19-Jul-2006,12:23 PM,"Providing for consideration of the bill (H.R. 2389) to amend title 28, United States Code, with respect to the jurisdiction of Federal courts over certain cases and controversies involving the Pledge of Allegiance"
384,H R 2389,On Agreeing to the Amendment,19-Jul-2006,4:22 PM,
385,H R 2389,On Passage,19-Jul-2006,4:40 PM,Pledge Protection Act
386,H R 5683,"On Motion to Suspend the Rules and Pass, as Amended",19-Jul-2006,4:49 PM,"To preserve the Mt. Soledad Veterans Memorial in San Diego, California, by providing for the immediate acquisition of the memorial by the United States"
387,H RES 911,"On Motion to Suspend the Rules and Agree, as Amended",19-Jul-2006,4:57 PM,"Expressing sympathy for the people of India in the aftermath of the deadly terrorist attacks in Mumbai on July 11, 2006"
388,H R 810,"Passage, Objections of the President Not Withstanding",19-Jul-2006,6:51 PM,Stem Cell Research Enhancement Act
389,H RES 925,On Ordering the Previous Question,20-Jul-2006,11:53 AM,Providing for consideration of the bill (H.R. 5684) to implement the United States-Oman Free Trade Agreement
390,H RES 925,On Agreeing to the Resolution,20-Jul-2006,12:03 PM,Providing for consideration of the bill (H.R. 5684) to implement the United States-Oman Free Trade Agreement
391,H RES 921,On Motion to Suspend the Rules and Agree,20-Jul-2006,12:10 PM,"Condemning the recent attacks against the State of Israel, holding terrorists and their state-sponsors accountable for such attacks, supporting Israel’s right to defend itself, and for other purposes"
392,H R 5684,On Passage,20-Jul-2006,2:52 PM,To implement the United States-Oman Free Trade Agreement
393,H CON RES 448,On Motion to Suspend the Rules and Agree,20-Jul-2006,3:00 PM,Commending the National Aeronautics and Space Administration on the completion of the Space Shuttle’s second Return-to-Flight mission
394,S 1496,On Motion to Suspend the Rules and Pass,24-Jul-2006,6:57 PM,To direct the Secretary of the Interior to conduct a pilot program under which up to 15 States may issue electronic Federal migratory bird hunting stamps
395,S 203,"On Motion to Suspend the Rules and Pass, as Amended",24-Jul-2006,7:09 PM,Soda Ash Royalty Reduction Act
396,H R 5534,"On Motion to Suspend the Rules and Pass, as Amended",24-Jul-2006,7:29 PM,To establish a grant program whereby moneys collected from violations of the corporate average fuel economy program are used to expand infrastructure necessary to increase the availability of alternative fuels
397,H R 5852,On Motion to Suspend the Rules and Pass,25-Jul-2006,1:38 PM,21st Century Emergency Communications Act
398,H R 4804,"On Motion to Suspend the Rules and Pass, as Amended",25-Jul-2006,1:46 PM,FHA Manufactured Housing Loan Modernization Act
399,H R 2830,On Motion to Instruct Conferees,25-Jul-2006,1:54 PM,Pension Protection Act of 2005
400,H R 5121,"On Motion to Suspend the Rules and Pass, as Amended",25-Jul-2006,5:56 PM,"To modernize and update the National Housing Act and enable the Federal Housing Administration to use risk-based pricing to more effectively reach underserved borrowers, and for other purposes"
401,H R 5013,"On Motion to Suspend the Rules and Pass, as Amended",25-Jul-2006,6:03 PM,Disaster Recovery Personal Protection Act of 2006
402,H CON RES 449,On Motion to Suspend the Rules and Agree,25-Jul-2006,6:10 PM,Recognizing Hall of Famer Bob Feller
403,H CON RES 384,On Motion to Suspend the Rules and Agree,25-Jul-2006,6:17 PM,"Recognizing and honoring the 100th anniversary of the founding of the Alpha Phi Alpha Fraternity, Incorporated, the first intercollegiate Greek-letter fraternity established for African Americans"
404,H R 5337,"On Motion to Suspend the Rules and Pass, as Amended",26-Jul-2006,5:04 PM,National Security Foreign Investment Reform and Strengthened Transparency Act
405,H R 5319,"On Motion to Suspend the Rules and Pass, as Amended",26-Jul-2006,5:15 PM,Deleting Online Predators Act
406,H RES 947,On Agreeing to the Resolution,26-Jul-2006,5:23 PM,"Providing for the consideration of H.R. 5682, United States and India Nuclear Cooperation Promotion Act"
407,H R 5682,On Agreeing to the Amendment,26-Jul-2006,8:17 PM,
408,H R 5682,On Agreeing to the Amendment,26-Jul-2006,8:28 PM,
409,H R 5682,On Agreeing to the Amendment,26-Jul-2006,8:36 PM,
410,H R 5682,On Motion to Recommit with Instructions,26-Jul-2006,9:08 PM,United States and India Nuclear Cooperation Promotion Act
411,H R 5682,On Passage,26-Jul-2006,9:17 PM,United States and India Nuclear Cooperation Promotion Act
412,H RES 952,On Ordering the Previous Question,27-Jul-2006,12:28 PM,"Providing for consideration of the bill (H.R. 4157) to amend the Social Security Act to encourage the dissemination, security, confidentiality, and usefulness of health information technology"
413,H RES 952,On Agreeing to the Resolution,27-Jul-2006,12:38 PM,"Providing for consideration of the bill (H.R. 4157) to amend the Social Security Act to encourage the dissemination, security, confidentiality, and usefulness of health information technology"
414,H R 4157,On Agreeing to the Amendment,27-Jul-2006,3:29 PM,
415,H R 4157,On Motion to Recommit with Instructions,27-Jul-2006,4:03 PM,Better Health Information System Act
416,H R 4157,On Passage,27-Jul-2006,4:11 PM,Better Health Information System Act
417,H R 2830,On Motion to Instruct Conferees,27-Jul-2006,4:21 PM,Pension Protection Act of 2005
418,H RES 958,On Agreeing to the Resolution,28-Jul-2006,7:29 PM,Waiving a requirement of clause 6(a) of rule XIII with respect to consideration of certain resolutions reported from the Committee on Rules
419,H RES 966,On Agreeing to the Resolution,28-Jul-2006,9:16 PM,"Providing for the consideration of H.R. 5970, Estate Tax and Extension of Tax Relief Act and H.R. 4, Pension Protection Act"
420,H CON RES 459,On Agreeing to the Resolution,28-Jul-2006,9:28 PM,Providing for an adjournment or recess of the two Houses
421,H R 4,On Motion to Recommit with Instructions,28-Jul-2006,11:27 PM,Pension Protection Act
422,H R 4,On Passage,28-Jul-2006,11:34 PM,Pension Protection Act
423,H RES 844,"On motion to suspend the rules and agree, as amended",28-Jul-2006,11:41 PM,"Congratulating the International AIDS Vaccine Initiative on 10 years of significant achievement in the search for HIV/AIDS vaccine, and for other purposes"
424,H R 5970,On Motion to Recommit with Instructions,29-Jul-2006,1:30 AM,Estate Tax and Extension of Tax Relief Act
425,H R 5970,On Passage,29-Jul-2006,1:41 AM,Estate Tax and Extension of Tax Relief Act
426,S 250,On Agreeing to the Conference Report,29-Jul-2006,1:48 AM,Carl D. Perkins Career and Technical Education Improvement Act
427,H R 2808,"On Motion to Suspend the Rules and Pass, as Amended",6-Sep-2006,6:57 PM,Abraham Lincoln Commemorative Coin Act
428,H RES 605,On Motion to Suspend the Rules and Agree,6-Sep-2006,7:05 PM,"Recognizing the life of Preston Robert Tisch and his outstanding contributions to New York City, the New York Giants Football Club, the National Football League, and the United States"
429,H RES 875,"On Motion to Suspend the Rules and Agree, as Amended",6-Sep-2006,7:24 PM,Congratulating Spelman College on the occasion of its 125th anniversary
430,H RES 981,On Agreeing to the Resolution,7-Sep-2006,11:14 AM,"Providing for the consideration of the bill (H.R. 503) to amend the Horse Protection Act to prohibit the shipping, tansporting, moving, delivering, receiving, possessing, purchasing, selling, or donation of horses and other equines to be slaughtered for human consumption."
431,H R 503,On Agreeing to the Amendment,7-Sep-2006,2:32 PM,
432,H R 503,On Agreeing to the Amendment,7-Sep-2006,2:40 PM,
433,H R 503,On Passage,7-Sep-2006,3:01 PM,Horse Protection Act
434,H R 5122,On Motion to Instruct Conferees,7-Sep-2006,3:13 PM,National Defense Authorization Act for Fiscal Year 2007
435,H R 5122,On Closing Portions of the Conference,7-Sep-2006,3:22 PM,National Defense Authorization Act for Fiscal Year 2007
436,H R 5428,"On Motion to Suspend the Rules and Pass, as Amended",12-Sep-2006,6:54 PM,Joshua A. Terando Princeton Post Office Building
437,H RES 175,On Motion to Suspend the Rules and Agree,12-Sep-2006,7:12 PM,"Recognizing the importance of establishing a national memorial at the World Trade Center site to commemorate and mourn the events of February 26, 1993, and September 11, 2001"
438,H RES 996,On Ordering the Previous Question,13-Sep-2006,1:54 PM,"Providing for the consideration of H. Res. 994, expressing the sense of the House of Representatives on the fifth anniversary of the terrorist attacks launched against the United States on September 11, 2001"
439,H R 4893,"On Motion to Suspend the Rules and Pass, as Amended",13-Sep-2006,2:23 PM,Restricting Indian Gaming to Homelands of Tribes Act of 2006
440,H RES 994,On Agreeing to the Resolution,13-Sep-2006,7:32 PM,"Expressing the sense of the House of Representatives on the fifth anniversary of the terrorist attacks launched against the United States on September 11, 2001"
441,H R 2965,On Agreeing to the Amendment,14-Sep-2006,1:06 PM,
442,H R 2965,On Agreeing to the Amendment,14-Sep-2006,1:14 PM,
443,H R 2965,On Passage,14-Sep-2006,1:34 PM,Federal Prison Industries Competition in Contracting Act
444,H RES 1002,On Ordering the Previous Question,14-Sep-2006,1:42 PM,"Providing for the consideration of H.R. 6061, Secure Fence Act of 2006"
445,H R 6061,On Motion to Recommit with Instructions,14-Sep-2006,3:31 PM,Secure Fence Act of 2006
446,H R 6061,On Passage,14-Sep-2006,3:41 PM,Secure Fence Act of 2006
447,H R 2864,On Motion to Instruct Conferees,14-Sep-2006,3:51 PM,Water Resources Development Act
448,H RES 1003,On Ordering the Previous Question,14-Sep-2006,5:25 PM,Providing for the adoption of the resolution (H. Res. 1000) providing for earmarking reform in the House of Representatives
449,H RES 1003,On Agreeing to the Resolution,14-Sep-2006,5:33 PM,Providing for the adoption of the resolution (H. Res. 1000) providing for earmarking reform in the House of Representatives
450,H R 6033,On Motion to Suspend the Rules and Pass,14-Sep-2006,5:45 PM,Thomas J. Manton Post Office Building
451,H CON RES 210,"On Motion to Suspend the Rules and Agree, as Amended",19-Sep-2006,7:02 PM,Supporting the goal of eliminating suffering and death due to cancer by the year 2015
452,H RES 622,"On Motion to Suspend the Rules and Agree, as Amended",19-Sep-2006,7:13 PM,To recognize and honor the Filipino World War II veterans for their defense of democratic ideals and their important contributions to the outcome of World War II
453,H CON RES 415,On Motion to Suspend the Rules and Agree,19-Sep-2006,7:30 PM,Condemning the repression of the Iranian Baha’i community and calling for the emancipation of Iranian Baha’is
454,H RES 1015,On Consideration of the Resolution,20-Sep-2006,11:32 AM,Providing for consideration of the bill (H.R. 4844) to amend the National Voter Registration Act of 1993 to require any individual who desires to register or re-register to vote in an election for Federal office to provide the appropriate State election official with proof that the individual is a citizen of the US
455,H RES 1015,On Ordering the Previous Question,20-Sep-2006,1:02 PM,Providing for consideration of the bill (H.R. 4844) to amend the National Voter Registration Act of 1993 to require any individual who desires to register or re-register to vote in an election for Federal office to provide the appropriate State election official with proof that the individual is a citizen of the US
456,H RES 1015,On Agreeing to the Resolution,20-Sep-2006,1:11 PM,Providing for consideration of the bill (H.R. 4844) to amend the National Voter Registration Act of 1993 to require any individual who desires to register or re-register to vote in an election for Federal office to provide the appropriate State election official with proof that the individual is a citizen of the US
457,H RES 942,On Motion to Suspend the Rules and Agree,20-Sep-2006,1:20 PM,"Recognizing the centennial anniversary on August 5, 2006, of the Iranian constitution of 1906"
458,H R 4844,On Motion to Recommit with Instructions,20-Sep-2006,3:50 PM,Federal Election Integrity Act of 2006
459,H R 4844,On Passage,20-Sep-2006,4:00 PM,Federal Election Integrity Act of 2006
460,H RES 976,On Motion to Suspend the Rules and Agree,20-Sep-2006,4:12 PM,Condemning human rights abuses by the Government of the Islamic Republic of Iran and expressing solidarity with the Iranian people
461,H RES 1018,On Ordering the Previous Question,21-Sep-2006,11:45 AM,"Providing for the consideration of the bills (H.R. 4830)Border Tunnel Prevention Act of 2006, (H.R. 6094) Community Protection Act of 2006 and (H.R. 6095) Immigration Law Enforcement Act of 2006"
462,H RES 1018,On Agreeing to the Resolution,21-Sep-2006,11:54 AM,"Providing for the consideration of the bills (H.R. 4830)Border Tunnel Prevention Act of 2006, (H.R. 6094) Community Protection Act of 2006 and (H.R. 6095) Immigration Law Enforcement Act of 2006"
463,S 418,On Motion to Suspend the Rules and Pass,21-Sep-2006,12:08 PM,Military Personnel Financial Services Protection Act
464,H R 6094,Table Appeal of the Ruling of the Chair,21-Sep-2006,1:52 PM,Community Protection Act of 2006
465,H R 6094,On Passage,21-Sep-2006,2:02 PM,Community Protection Act of 2006
466,H R 5631,On Closing Portions of the Conference,21-Sep-2006,2:23 PM,"Department of Defense Appropriations Act, 2007"
467,H R 6095,On Motion to Recommit with Instructions,21-Sep-2006,3:52 PM,Immigration Law Enforcement Act of 2006
468,H R 6095,On Passage,21-Sep-2006,3:56 PM,Immigration Law Enforcement Act of 2006
469,H R 4830,On Passage,21-Sep-2006,4:02 PM,Border Tunnel Prevention Act of 2006
470,S 2832,On Motion to Suspend the Rules and Pass,21-Sep-2006,4:10 PM,Appalachian Regional Development Act Amendments of 2006
471,H R 5059,On Motion to Suspend the Rules and Pass,25-Sep-2006,7:00 PM,New Hampshire Wilderness Act
472,H R 5062,On Motion to Suspend the Rules and Pass,25-Sep-2006,7:08 PM,New Hampshire Wilderness Act
473,H R 6102,"On Motion to Suspend the Rules and Pass, as Amended",25-Sep-2006,7:16 PM,Captain Christopher Petty Post Office Building
474,H RES 1038,On Agreeing to the Resolution,26-Sep-2006,12:37 PM,"Providing for the consideration of H.R. 2679, Public Expression of Religion Act"
475,H RES 1039,On Agreeing to the Resolution,26-Sep-2006,12:48 PM,"Providing for the consideration of S. 403, Child Custody Protection Act"
476,H R 5092,"On Motion to Suspend the Rules and Pass, as Amended",26-Sep-2006,12:57 PM,"Bureau of Alcohol, Tobacco, Firearms, and Explosives (BATFE) Modernization and Reform Act"
477,H R 4772,"On Motion to Suspend the Rules and Pass, as Amended",26-Sep-2006,1:06 PM,Private Property Rights Implementation Act of 2006
478,MOTION,Motion to resolve into secret session,26-Sep-2006,1:35 PM,
479,S 403,On Passage,26-Sep-2006,6:00 PM,Child Custody Protection Act
480,H R 2679,On Passage,26-Sep-2006,6:10 PM,Public Expression of Religion Act
481,H RES 723,"On Motion to Suspend the Rules and Agree, as Amended",26-Sep-2006,6:20 PM,"Calling on the President to take immediate steps to help improve the security situation in Darfur, Sudan, with specific emphasis on civilian protection"
482,H RES 992,"On Motion to Suspend the Rules and Agree, as Amended",26-Sep-2006,6:30 PM,Urging the President to appoint a Presidential Special Envoy for Sudan
483,H RES 989,"On Motion to Suspend the Rules and Agree, as Amended",26-Sep-2006,9:31 PM,"Commending the United Kingdom for its efforts in the War on Terror, and for other purposes"
484,H RES 1017,On Motion to Suspend the Rules and Agree,26-Sep-2006,9:36 PM,Affirming support for the sovereignty and security of Lebanon and the Lebanese people
485,H R 6164,On Motion to Suspend the Rules and Pass,26-Sep-2006,9:42 PM,National Institutes of Health Reform Act
486,H R 5631,On Agreeing to the Conference Report,26-Sep-2006,9:46 PM,"Department of Defense Appropriations Act, 2007"
487,H CON RES 483,On Agreeing to the Resolution,27-Sep-2006,1:07 PM,Providing for an adjournment or recess of the two Houses
488,H RES 1042,On Ordering the Previous Question,27-Sep-2006,1:14 PM,"Providing for the consideration of H.R. 6166, Military Commissions Act"
489,H RES 1042,On Agreeing to the Resolution,27-Sep-2006,1:22 PM,"Providing for the consideration of H.R. 6166, Military Commissions Act"
490,H R 6166,On Motion to Recommit with Instructions,27-Sep-2006,4:28 PM,Military Commissions Act
491,H R 6166,On Passage,27-Sep-2006,4:45 PM,Military Commissions Act
492,H R 5637,"On Motion to Suspend the Rules and Pass, as Amended",27-Sep-2006,6:57 PM,Nonadmitted and Reinsurance Reform Act of 2006
493,H R 6115,On Motion to Suspend the Rules and Pass,27-Sep-2006,7:06 PM,Market-to-Market Extension Act
494,S 2856,"On Motion to Suspend the Rules and Pass, as Amended",27-Sep-2006,7:15 PM,Financial Services Regulatory Relief Act
495,H RES 1045,On Ordering the Previous Question,28-Sep-2006,12:44 PM,Providing for the consideration of motions to suspend the rules
496,H RES 1046,On Ordering the Previous Question,28-Sep-2006,12:53 PM,Waiving the requirement of clause 6(a) of rule XIII with respect to consideration of certain resolutions reported from the Committee on Rules
497,H RES 1046,On Agreeing to the Resolution,28-Sep-2006,1:00 PM,Waiving the requirement of clause 6(a) of rule XIII with respect to consideration of certain resolutions reported from the Committee on Rules
498,H RES 1052,On Ordering the Previous Question,28-Sep-2006,7:05 PM,"Providing for the consideration of H.R. 5825, Electronic Surveillance Modernization Act"
499,H RES 1052,On Agreeing to the Resolution,28-Sep-2006,7:15 PM,"Providing for the consideration of H.R. 5825, Electronic Surveillance Modernization Act"
500,H R 4954,On Motion to Instruct Conferees,28-Sep-2006,7:24 PM,Security and Accountability for Every Port (SAFE) Act
501,H R 5825,On Motion to Recommit with Instructions,28-Sep-2006,10:10 PM,Electronic Surveillance Modernization Act
502,H R 5825,On Passage,28-Sep-2006,10:19 PM,Electronic Surveillance Modernization Act
503,H R 6143,"On Motion to Suspend the Rules and Pass, as Amended",28-Sep-2006,10:28 PM,Ryan White HIV/AIDS Treatment Modernization Act
504,H RES 1054,On Ordering the Previous Question,29-Sep-2006,10:50 AM,"Waiving points of order against the conference report on H.R. 5441, Department of Homeland Security Appropriations for FY 2007; and providing for the consideration of S. 3930, Military Commissions Act and H.R. 4772, Private Property Rights Implementation Act"
505,H RES 1054,On Agreeing to the Resolution,29-Sep-2006,11:00 AM,"Waiving points of order against the conference report on H.R. 5441, Department of Homeland Security Appropriations for FY 2007; and providing for the consideration of S. 3930, Military Commissions Act and H.R. 4772, Private Property Rights Implementation Act"
506,H RES 1053,On Ordering the Previous Question,29-Sep-2006,2:24 PM,Waiving a requirement of clause 6(a) of rule XIII with respect to consideration of certain resolutions reported from the Commitee on Rules.
507,H RES 1053,On Agreeing to the Resolution,29-Sep-2006,2:32 PM,Waiving a requirement of clause 6(a) of rule XIII with respect to consideration of certain resolutions reported from the Commitee on Rules.
508,S 3930,On Passage,29-Sep-2006,2:47 PM,Military Commissions Act
509,H R 5441,On Agreeing to the Conference Report,29-Sep-2006,6:10 PM,"Department of Homeland Security Appropriations Act, 2007"
510,H R 5122,On Agreeing to the Conference Report,29-Sep-2006,6:23 PM,National Defense Authorization Act for Fiscal Year 2007
511,H R 4772,On Passage,29-Sep-2006,6:31 PM,Private Property Rights Implementation Act of 2006
512,H RES 1064,On Ordering the Previous Question,29-Sep-2006,10:19 PM,"Waiving points of order against the conference report to accompany the bill (H.R. 4954) to improve maritime and cargo security through enhanced layered defenses, and for other purposes."
513,MOTION,Ordering the previous question on the motion to refer,29-Sep-2006,10:40 PM,
514,MOTION,On motion to refer the Resolution,29-Sep-2006,10:57 PM,
515,S 3661,On Motion to Suspend the Rules and Pass,29-Sep-2006,11:05 PM,Wright Amendment Reform Act
516,H R 4954,On Agreeing to the Conference Report,30-Sep-2006,12:32 AM,Security and Accountability for Every Port (SAFE) Act
517,H R 3085,Suspend the Rules and Agree to Senate Amendment,13-Nov-2006,7:05 PM,"To amend the National Trails System Act to update the feasibility and suitability study originally prepared for the Trail of Tears National Historic Trail and provide for the inclusion of new trail segments, land components, and campgrounds associated with that trail, and for other purposes"
518,S 819,On Motion to Suspend the Rules and Pass,13-Nov-2006,7:16 PM,Pactola Reservoir Reallocation Authorization Act
519,H R 5602,"On Motion to Suspend the Rules and Pass, as Amended",13-Nov-2006,7:26 PM,To Authorize the Extension of Nondiscriminatory Treatment (Normal Trade Relations Treatment) to the Products of Vietnam
520,H R 6314,On Motion to Suspend the Rules and Pass,14-Nov-2006,1:48 PM,Survivors’ and Dependents’ Educational Assistance Program Extension
521,H R 864,"On Motion to Suspend the Rules and Pass, as Amended",14-Nov-2006,2:05 PM,To provide for programs and activities with respect to the prevention of underage drinking.
522,H R 5585,Suspend the Rules and Agree to Senate Amendments,15-Nov-2006,11:39 AM,Financial Netting Improvements Act
523,H RES 1078,On Motion to Suspend the Rules and Agree,15-Nov-2006,11:47 AM,Congratulating the St. Louis Cardinals on winning the 2006 World Series
524,H RES 1070,"On Motion to Suspend the Rules and Agree, as Amended",5-Dec-2006,2:36 PM,Expressing the sense of the House of Representatives that Members of the House should actively engage with employers and the American public at large to encourage the hiring of members and former members of the Armed Forces who were wounded in service and are facing a transition to civilian life
525,H R 1176,"On Motion to Suspend the Rules and Pass, as Amended",5-Dec-2006,2:45 PM,Nonprofit Athletic Organization Protection Act
526,H R 6099,On Motion to Suspend the Rules and Pass,6-Dec-2006,6:49 PM,Unborn Child Pain Awareness Act of 2006
527,H RES 1082,On Motion to Suspend the Rules and Agree,6-Dec-2006,7:02 PM,"Condemning the decision of St. Denis, France, to name a street in honor of Mumia Abu-Jamal, the convicted murder of Philadelphia Police Office Danny Faulkner"
528,H RES 1096,On Agreeing to the Resolution,7-Dec-2006,11:19 AM,"Waiving a requirement of clause 6(a) of rule XIII with respect to consideration of certain resolutions reported from the Committee on Rules and providing for consideration of motions to suspend the rules, and for other purposes"
529,H RES 1101,On Agreeing to the Resolution,8-Dec-2006,12:57 PM,Waiving all points of order against the conference report to accompany H.R. 5682 and against its consideration.
530,H RES 1099,On Agreeing to the Resolution,8-Dec-2006,1:12 PM,Relating to consideration of the bill H.R. 6111 to amend the Internal Revenue Code of 1986 to provide that the Tax Court may review claims for equitable innocent spouse relief and to suspend the running on the period of limitations while such claims are pending.
531,H RES 1088,On Motion to Suspend the Rules and Agree,8-Dec-2006,1:24 PM,Expressing support for Lebanon’s democratic institutions and condemning the recent terrorist assassination of Lebanese parliamentarian and Industry Minister Pierre Amine Gemayel
532,H R 6111,Motion to Amend the House Amendment to Senate Amendment,8-Dec-2006,3:28 PM,
533,H R 6111,On Motion to Agree to Senate Amendment with Amendment,8-Dec-2006,3:38 PM,Tax Relief and Health Care Act
534,H RES 1091,"On Motion to Suspend the Rules and Agree, as Amended",8-Dec-2006,3:53 PM,Condemning in the strongest terms Iran’s commitment to hold an international Holocaust denial conference
535,H R 6375,On Motion to Suspend the Rules and Pass,8-Dec-2006,4:02 PM,Requiring the Secretary of Defense to submit to Congress an annual report and to provide notice to the public on congressional initiatives in funds authorized or made available to the Department of Defense.
536,H RES 1100,On Agreeing to the Resolution,8-Dec-2006,5:29 PM,"Providing for consideration of the bill H.R. 6406, to modify temporarily certain rates of duty and make other technical amendments to trade laws, to extend certain trade preference programs, and for othe purposes."
537,H R 5948,"On Motion to Suspend the Rules and Pass, as Amended",8-Dec-2006,5:39 PM,Belarus Democracy Act
538,QUORUM,Call of the House,8-Dec-2006,7:04 PM,
539,H R 6406,On Passage,8-Dec-2006,7:45 PM,"To modify temporarily certain rates of duty and make other technical amendments to the trade laws, to extend certain trade preference programs, and for other purposes"
540,H J RES 102,On Passage,8-Dec-2006,9:54 PM,"Making further continuing appropriations for the fiscal year 2007, and for other purposes."
541,H R 5682,On Agreeing to the Conference Report,8-Dec-2006,10:05 PM,Henry J. Hyde United States-India Peaceful Atomic Energy Cooperation Promotion Act
542,S 3718,On Motion to Suspend the Rules and Pass,9-Dec-2006,2:53 AM,Pool and Spa Safety Act
543,S 3546,On Motion to Suspend the Rules and Pass,9-Dec-2006,3:06 AM,Dietary Supplement and Nonprescription Drug Consumer Protection Act
